word,cefr_level,frequency
the,A1,7.73
to,A1,7.43
and,A1,7.41
of,A1,7.4
a,A1,7.36
in,A1,7.27
i,A1,7.09
for,A1,7.01
that,A1,7.01
you,A1,6.98
it,A1,6.95
on,A1,6.91
with,A1,6.85
this,A1,6.82
be,A1,6.79
as,A1,6.77
have,A1,6.71
have,A1,6.71
at,A1,6.7
he,A1,6.69
not,A1,6.69
by,A1,6.66
but,A1,6.63
from,A1,6.63
my,A1,6.57
or,A1,6.54
we,A1,6.54
your,A1,6.53
all,A1,6.52
so,A1,6.52
his,A1,6.51
they,A1,6.5
me,A1,6.48
if,A1,6.47
one,A1,6.47
can,A1,6.46
will,A1,6.45
just,A1,6.43
like,A1,6.41
like,A1,6.41
about,A1,6.4
up,A1,6.39
out,A1,6.38
what,A1,6.38
when,A1,6.37
more,A1,6.36
do,A1,6.35
no,A1,6.35
no,A1,6.35
who,A1,6.34
their,A1,6.33
there,A1,6.31
her,A1,6.3
which,A1,6.3
time,A1,6.29
get,A1,6.28
would,A1,6.27
she,A1,6.26
new,A1,6.25
people,A1,6.25
how,A1,6.24
some,A1,6.2
also,A1,6.19
them,A1,6.19
now,A1,6.18
other,A1,6.16
its,A1,6.14
our,A1,6.14
than,A1,6.13
good,A1,6.12
only,A1,6.12
after,A1,6.11
first,A1,6.11
him,A1,6.11
into,A1,6.11
know,A1,6.1
see,A1,6.1
two,A1,6.1
make,A1,6.08
over,A1,6.08
think,A1,6.08
any,A1,6.07
then,A1,6.07
could,A1,6.06
back,A1,6.04
us,A1,6.04
want,A1,6.04
because,A1,6.03
go,A1,6.03
well,A1,6.03
way,A1,6.01
most,A1,6.0
much,A1,6.0
very,A1,6.0
where,A1,6.0
even,A1,5.99
should,A1,5.99
may,A1,5.98
here,A1,5.97
need,A1,5.97
really,A1,5.97
right,A1,5.96
work,A1,5.96
year,A1,5.96
day,A1,5.95
too,A1,5.95
before,A1,5.93
off,A1,5.93
why,A1,5.93
still,A1,5.92
take,A1,5.92
many,A1,5.91
never,A1,5.91
life,A1,5.89
say,A1,5.89
world,A1,5.89
down,A1,5.88
great,A1,5.88
through,A1,5.87
last,A1,5.86
best,A1,5.84
love,A1,5.82
man,A1,5.82
home,A1,5.81
long,A1,5.81
look,A1,5.81
something,A1,5.81
use,A1,5.81
same,A1,5.8
both,A1,5.79
every,A1,5.79
come,A1,5.78
part,A1,5.78
three,A1,5.78
around,A1,5.77
between,A1,5.77
always,A1,5.76
better,A1,5.76
find,A1,5.76
help,A1,5.75
high,A1,5.75
little,A1,5.75
old,A1,5.75
another,A1,5.74
own,A1,5.74
under,A1,5.73
during,A1,5.72
game,A1,5.72
thing,A1,5.72
give,A1,5.71
house,A1,5.71
place,A1,5.71
school,A1,5.71
again,A1,5.7
next,A1,5.7
next,A1,5.7
each,A1,5.69
without,A1,5.69
end,A1,5.68
must,A1,5.68
show,A1,5.68
big,A1,5.67
feel,A1,5.67
sure,A1,5.67
team,A1,5.67
ever,A1,5.66
family,A1,5.66
keep,A1,5.66
please,A1,5.66
put,A1,5.66
money,A1,5.64
free,A1,5.63
second,A1,5.63
someone,A1,5.63
away,A1,5.62
left,A1,5.62
number,A1,5.62
number,A1,5.62
city,A1,5.61
lot,A1,5.61
name,A1,5.61
night,A1,5.61
play,A1,5.61
until,A1,5.61
company,A1,5.6
few,A1,5.6
let,A1,5.6
real,A1,5.6
different,A1,5.59
however,A1,5.58
group,A1,5.57
business,A1,5.56
start,A1,5.56
week,A1,5.56
anything,A1,5.55
nothing,A1,5.55
person,A1,5.55
today,A1,5.55
change,A1,5.54
enough,A1,5.54
everything,A1,5.54
full,A1,5.54
live,A1,5.54
point,A1,5.54
read,A1,5.54
bad,A1,5.53
four,A1,5.53
hard,A1,5.53
mean,A1,5.53
once,A1,5.53
tell,A1,5.53
music,A1,5.52
stop,A1,5.52
water,A1,5.52
believe,A1,5.51
call,A1,5.51
head,A1,5.51
small,A1,5.51
white,A1,5.51
far,A1,5.5
job,A1,5.5
try,A1,5.5
yes,A1,5.5
later,A1,5.49
line,A1,5.49
order,A1,5.49
party,A1,5.49
run,A1,5.49
country,A1,5.48
open,A1,5.48
thank,A1,5.48
everyone,A1,5.47
area,A1,5.46
black,A1,5.46
together,A1,5.46
car,A1,5.45
face,A1,5.45
five,A1,5.45
kind,A1,5.45
maybe,A1,5.45
story,A1,5.45
course,A1,5.44
health,A1,5.44
hope,A1,5.44
important,A1,5.44
news,A1,5.44
book,A1,5.43
early,A1,5.43
information,A1,5.43
local,A1,5.43
oh,A1,5.43
post,A1,5.43
thanks,A1,5.43
video,A1,5.43
young,A1,5.43
ago,A1,5.42
talk,A1,5.42
fact,A1,5.41
half,A1,5.41
hand,A1,5.41
often,A1,5.41
become,A1,5.4
body,A1,5.4
food,A1,5.4
office,A1,5.4
pay,A1,5.4
problem,A1,5.4
south,A1,5.4
true,A1,5.4
history,A1,5.39
large,A1,5.39
room,A1,5.39
university,A1,5.39
win,A1,5.39
wrong,A1,5.39
anyone,A1,5.38
else,A1,5.38
girl,A1,5.38
pretty,A1,5.38
remember,A1,5.38
air,A1,5.37
friend,A1,5.37
nice,A1,5.37
probably,A1,5.37
understand,A1,5.37
yeah,A1,5.37
class,A1,5.36
close,A1,5.36
idea,A1,5.36
past,A1,5.36
possible,A1,5.36
happy,A1,5.35
move,A1,5.35
question,A1,5.35
wait,A1,5.35
woman,A1,5.35
ask,A1,5.34
late,A1,5.34
leave,A1,5.34
north,A1,5.34
special,A1,5.34
watch,A1,5.34
future,A1,5.33
million,A1,5.33
morning,A1,5.33
police,A1,5.33
short,A1,5.33
stay,A1,5.33
age,A1,5.32
buy,A1,5.32
reason,A1,5.32
red,A1,5.32
report,A1,5.32
soon,A1,5.32
third,A1,5.32
turn,A1,5.32
check,A1,5.31
form,A1,5.31
yourself,A1,5.31
child,A1,5.3
fire,A1,5.3
fun,A1,5.3
phone,A1,5.3
art,A1,5.29
behind,A1,5.29
building,A1,5.29
easy,A1,5.29
market,A1,5.29
near,A1,5.29
plan,A1,5.29
quite,A1,5.29
six,A1,5.29
west,A1,5.29
final,A1,5.28
front,A1,5.28
list,A1,5.28
ready,A1,5.28
sometimes,A1,5.28
son,A1,5.28
street,A1,5.28
bring,A1,5.27
college,A1,5.27
example,A1,5.27
meet,A1,5.27
type,A1,5.27
baby,A1,5.26
father,A1,5.26
march,A1,5.26
song,A1,5.26
study,A1,5.26
word,A1,5.26
across,A1,5.25
action,A1,5.25
month,A1,5.25
outside,A1,5.25
cost,A1,5.24
cut,A1,5.24
main,A1,5.24
moment,A1,5.24
mother,A1,5.24
road,A1,5.24
town,A1,5.24
fine,A1,5.23
hear,A1,5.23
price,A1,5.23
space,A1,5.23
summer,A1,5.23
wife,A1,5.23
beautiful,A1,5.22
date,A1,5.22
land,A1,5.22
miss,A1,5.22
project,A1,5.22
strong,A1,5.22
include,A1,5.21
june,A1,5.21
period,A1,5.21
similar,A1,5.21
above,A1,5.2
club,A1,5.2
common,A1,5.2
film,A1,5.2
perfect,A1,5.2
personal,A1,5.2
share,A1,5.2
tv,A1,5.2
april,A1,5.19
happen,A1,5.19
online,A1,5.19
player,A1,5.19
return,A1,5.19
star,A1,5.19
test,A1,5.19
break,A1,5.18
event,A1,5.18
hour,A1,5.18
member,A1,5.18
present,A1,5.18
result,A1,5.18
sorry,A1,5.18
answer,A1,5.17
boy,A1,5.17
design,A1,5.17
guess,A1,5.17
interest,A1,5.17
july,A1,5.17
learn,A1,5.17
bank,A1,5.16
east,A1,5.16
hot,A1,5.16
movie,A1,5.16
park,A1,5.16
bill,A1,5.15
cool,A1,5.15
meeting,A1,5.15
september,A1,5.15
sound,A1,5.15
usually,A1,5.15
follow,A1,5.14
ok,A1,5.14
reading,A1,5.14
stand,A1,5.14
blue,A1,5.13
drive,A1,5.13
eat,A1,5.13
fall,A1,5.13
fast,A1,5.13
feeling,A1,5.13
green,A1,5.13
model,A1,5.13
picture,A1,5.13
hey,A1,5.12
key,A1,5.12
o,A1,5.12
page,A1,5.12
science,A1,5.12
brother,A1,5.11
cannot,A1,5.11
cup,A1,5.11
football,A1,5.11
hate,A1,5.11
natural,A1,5.11
october,A1,5.11
send,A1,5.11
style,A1,5.11
amazing,A1,5.1
august,A1,5.1
complete,A1,5.1
dog,A1,5.1
language,A1,5.1
november,A1,5.1
title,A1,5.1
add,A1,5.09
article,A1,5.09
born,A1,5.09
enjoy,A1,5.09
january,A1,5.09
poor,A1,5.09
situation,A1,5.09
website,A1,5.09
door,A1,5.08
hair,A1,5.08
lose,A1,5.08
seven,A1,5.08
walk,A1,5.08
bed,A1,5.07
career,A1,5.07
daughter,A1,5.07
december,A1,5.07
die,A1,5.07
difficult,A1,5.07
hospital,A1,5.07
modern,A1,5.07
paper,A1,5.07
popular,A1,5.07
writing,A1,5.07
forget,A1,5.06
internet,A1,5.06
listen,A1,5.06
v,A1,5.06
practice,A1,5.06
sea,A1,5.06
success,A1,5.06
below,A1,5.05
sleep,A1,5.05
table,A1,5.05
ten,A1,5.05
ball,A1,5.04
box,A1,5.04
build,A1,5.04
card,A1,5.04
dark,A1,5.04
note,A1,5.04
piece,A1,5.04
visit,A1,5.04
wall,A1,5.04
culture,A1,5.03
february,A1,5.03
married,A1,5.03
river,A1,5.03
speak,A1,5.03
tonight,A1,5.03
write,A1,5.03
century,A1,5.02
cold,A1,5.02
create,A1,5.02
eight,A1,5.02
eye,A1,5.02
funny,A1,5.02
student,A1,5.02
tomorrow,A1,5.02
brown,A1,5.01
capital,A1,5.01
difference,A1,5.01
island,A1,5.01
radio,A1,5.01
station,A1,5.01
text,A1,5.01
beginning,A1,5.0
hi,A1,5.0
husband,A1,5.0
ice,A1,5.0
ice,A1,5.0
interesting,A1,5.0
join,A1,5.0
message,A1,5.0
quickly,A1,5.0
section,A1,5.0
travel,A1,5.0
positive,A1,4.99
welcome,A1,4.99
extra,A1,4.98
minute,A1,4.98
quick,A1,4.98
sell,A1,4.98
agree,A1,4.97
clean,A1,4.97
computer,A1,4.97
photo,A1,4.97
spend,A1,4.97
statement,A1,4.97
sun,A1,4.97
friday,A1,4.96
subject,A1,4.96
train,A1,4.96
centre,A1,4.95
dad,A1,4.95
hotel,A1,4.95
interested,A1,4.95
letter,A1,4.95
nobody,A1,4.95
product,A1,4.95
sister,A1,4.95
floor,A1,4.94
opinion,A1,4.94
rule,A1,4.94
dance,A1,4.93
weekend,A1,4.93
band,A1,4.92
beach,A1,4.92
imagine,A1,4.92
spring,A1,4.92
sunday,A1,4.92
wear,A1,4.92
address,A1,4.91
choose,A1,4.91
finish,A1,4.91
rich,A1,4.91
yesterday,A1,4.91
doctor,A1,4.9
drink,A1,4.9
fish,A1,4.9
grow,A1,4.9
machine,A1,4.9
sit,A1,4.9
trip,A1,4.9
carry,A1,4.89
explain,A1,4.89
plant,A1,4.89
winter,A1,4.89
advice,A1,4.88
shop,A1,4.88
sick,A1,4.88
teacher,A1,4.88
camera,A1,4.87
foot,A1,4.87
meaning,A1,4.87
nine,A1,4.87
saturday,A1,4.87
weather,A1,4.87
activity,A1,4.86
coffee,A1,4.86
evening,A1,4.86
flight,A1,4.86
interview,A1,4.86
library,A1,4.86
fat,A1,4.85
glass,A1,4.85
ride,A1,4.85
slow,A1,4.85
traffic,A1,4.85
tree,A1,4.85
wonderful,A1,4.85
airport,A1,4.84
begin,A1,4.84
everybody,A1,4.84
famous,A1,4.84
lie,A1,4.84
partner,A1,4.84
sad,A1,4.84
twice,A1,4.84
bus,A1,4.83
cent,A1,4.83
fourth,A1,4.83
mouth,A1,4.83
village,A1,4.82
animal,A1,4.81
draw,A1,4.81
adult,A1,4.8
artist,A1,4.8
healthy,A1,4.8
monday,A1,4.8
somebody,A1,4.8
window,A1,4.8
bag,A1,4.79
correct,A1,4.79
dangerous,A1,4.79
improve,A1,4.79
negative,A1,4.79
television,A1,4.79
cat,A1,4.78
decide,A1,4.78
dinner,A1,4.78
fifth,A1,4.78
dear,A1,4.77
garden,A1,4.77
apple,A1,4.76
birthday,A1,4.76
dress,A1,4.76
horse,A1,4.76
map,A1,4.76
wake,A1,4.76
busy,A1,4.75
conversation,A1,4.75
driver,A1,4.75
farm,A1,4.75
fly,A1,4.75
excited,A1,4.74
magazine,A1,4.74
wine,A1,4.74
arm,A1,4.73
blog,A1,4.73
description,A1,4.73
mountain,A1,4.73
sport,A1,4.73
tea,A1,4.73
afternoon,A1,4.72
clothes,A1,4.72
festival,A1,4.72
flat,A1,4.72
hello,A1,4.72
pair,A1,4.72
plane,A1,4.72
quarter,A1,4.72
useful,A1,4.72
boat,A1,4.71
cheap,A1,4.71
fantastic,A1,4.71
hundred,A1,4.71
museum,A1,4.71
rain,A1,4.71
terrible,A1,4.71
tired,A1,4.71
warm,A1,4.71
afraid,A1,4.7
beer,A1,4.7
chair,A1,4.69
expensive,A1,4.69
writer,A1,4.69
yellow,A1,4.69
email,A1,4.68
exercise,A1,4.68
girlfriend,A1,4.68
restaurant,A1,4.68
shopping,A1,4.68
sugar,A1,4.68
mistake,A1,4.67
pool,A1,4.67
teach,A1,4.67
angry,A1,4.66
discuss,A1,4.66
holiday,A1,4.66
laugh,A1,4.66
leg,A1,4.66
lunch,A1,4.66
milk,A1,4.66
snow,A1,4.66
actor,A1,4.65
apartment,A1,4.65
cook,A1,4.65
journey,A1,4.65
kitchen,A1,4.65
quiet,A1,4.65
twenty,A1,4.65
fill,A1,4.64
friendly,A1,4.64
thousand,A1,4.64
bird,A1,4.63
chicken,A1,4.63
false,A1,4.63
meat,A1,4.63
shirt,A1,4.63
tuesday,A1,4.63
cream,A1,4.62
opposite,A1,4.62
orange,A1,4.62
thursday,A1,4.62
breakfast,A1,4.61
customer,A1,4.61
ticket,A1,4.61
newspaper,A1,4.6
painting,A1,4.6
salt,A1,4.6
boyfriend,A1,4.59
dollar,A1,4.59
mile,A1,4.59
wednesday,A1,4.59
sentence,A1,4.58
bottle,A1,4.57
cheese,A1,4.57
detail,A1,4.57
diet,A1,4.57
favourite,A1,4.57
fruit,A1,4.57
parent,A1,4.57
prefer,A1,4.57
programme,A1,4.57
t-shirt,A1,4.57
describe,A1,4.56
object,A1,4.56
concert,A1,4.55
dirty,A1,4.55
prepare,A1,4.55
rice,A1,4.55
bathroom,A1,4.54
exciting,A1,4.54
sing,A1,4.54
bike,A1,4.53
cake,A1,4.53
hat,A1,4.53
paint,A1,4.52
pink,A1,4.52
singer,A1,4.52
tall,A1,4.52
theatre,A1,4.52
nose,A1,4.51
bread,A1,4.5
dancing,A1,4.5
shower,A1,4.5
chocolate,A1,4.49
colour,A1,4.49
repeat,A1,4.49
topic,A1,4.49
grey,A1,4.48
guitar,A1,4.48
meal,A1,4.48
chart,A1,4.47
lesson,A1,4.47
bedroom,A1,4.46
egg,A1,4.46
wash,A1,4.46
actress,A1,4.45
compare,A1,4.45
cooking,A1,4.45
hungry,A1,4.45
uncle,A1,4.45
bath,A1,4.44
boring,A1,4.43
clock,A1,4.43
desk,A1,4.43
ear,A1,4.43
gym,A1,4.43
swimming,A1,4.43
worker,A1,4.43
flower,A1,4.42
skill,A1,4.42
cousin,A1,4.41
mum,A1,4.41
telephone,A1,4.41
butter,A1,4.4
nurse,A1,4.4
vacation,A1,4.4
bye,A1,4.39
arrive,A1,4.38
pen,A1,4.38
thirty,A1,4.38
introduce,A1,4.37
routine,A1,4.37
spell,A1,4.37
cd,A1,4.36
coat,A1,4.36
juice,A1,4.36
tennis,A1,4.35
twelve,A1,4.35
delicious,A1,4.34
reader,A1,4.34
jacket,A1,4.32
pound,A1,4.32
purple,A1,4.32
midnight,A1,4.31
mouse,A1,4.31
piano,A1,4.31
toilet,A1,4.31
goodbye,A1,4.3
phrase,A1,4.3
dialogue,A1,4.29
fifty,A1,4.29
relax,A1,4.29
autumn,A1,4.26
exam,A1,4.26
menu,A1,4.26
dvd,A1,4.25
lion,A1,4.25
grandfather,A1,4.24
shoe,A1,4.24
photograph,A1,4.23
snake,A1,4.23
climb,A1,4.22
dish,A1,4.21
scientist,A1,4.21
swim,A1,4.21
bored,A1,4.2
forty,A1,4.2
tourist,A1,4.2
boot,A1,4.19
sheep,A1,4.19
taxi,A1,4.19
cinema,A1,4.17
aunt,A1,4.16
classroom,A1,4.15
farmer,A1,4.15
salad,A1,4.15
soup,A1,4.15
cow,A1,4.14
fifteen,A1,4.14
grandmother,A1,4.14
pepper,A1,4.14
pig,A1,4.14
homework,A1,4.13
sandwich,A1,4.13
eleven,A1,4.12
potato,A1,4.11
cafe,A1,4.09
euro,A1,4.09
jeans,A1,4.09
teenager,A1,4.09
elephant,A1,4.08
tooth,A1,4.08
passport,A1,4.05
blonde,A1,4.04
paragraph,A1,4.03
dictionary,A1,4.02
visitor,A1,4.01
banana,A1,4.0
spelling,A1,4.0
dancer,A1,3.99
bicycle,A1,3.98
geography,A1,3.98
skirt,A1,3.96
pencil,A1,3.95
sixteen,A1,3.95
hobby,A1,3.94
vegetable,A1,3.94
sixty,A1,3.93
onion,A1,3.89
thirteen,A1,3.89
umbrella,A1,3.89
fourteen,A1,3.88
seventeen,A1,3.87
upstairs,A1,3.87
tomato,A1,3.85
eighteen,A1,3.81
seventy,A1,3.78
supermarket,A1,3.78
sweater,A1,3.78
metre,A1,3.76
eighty,A1,3.75
policeman,A1,3.74
thirsty,A1,3.74
downstairs,A1,3.72
ninety,A1,3.71
trousers,A1,3.7
neighbour,A1,3.69
carrot,A1,3.62
waiter,A1,3.61
nineteen,A1,3.59
practise,A1,3.52
kilometre,A1,3.21
grandparent,A1,2.83
adj,A1,2.64
all,A2,6.52
can,A2,6.46
any,A2,6.07
may,A2,5.98
last,A2,5.86
while,A2,5.86
such,A2,5.84
used,A2,5.8
state,A2,5.78
since,A2,5.75
against,A2,5.68
might,A2,5.66
thought,A2,5.59
god,A2,5.57
government,A2,5.57
public,A2,5.57
top,A2,5.57
care,A2,5.56
system,A2,5.56
already,A2,5.55
case,A2,5.55
yet,A2,5.54
support,A2,5.53
including,A2,5.52
power,A2,5.52
based,A2,5.51
national,A2,5.51
side,A2,5.5
actually,A2,5.49
less,A2,5.49
service,A2,5.49
season,A2,5.48
general,A2,5.47
united,A2,5.47
following,A2,5.46
law,A2,5.46
war,A2,5.46
whole,A2,5.46
per,A2,5.45
per,A2,5.45
president,A2,5.45
working,A2,5.45
least,A2,5.44
able,A2,5.43
social,A2,5.42
level,A2,5.41
mind,A2,5.41
single,A2,5.41
control,A2,5.4
death,A2,5.4
guy,A2,5.4
almost,A2,5.39
lost,A2,5.39
research,A2,5.39
several,A2,5.39
along,A2,5.38
matter,A2,5.38
bit,A2,5.37
hit,A2,5.37
close,A2,5.36
international,A2,5.36
cause,A2,5.35
human,A2,5.35
series,A2,5.35
community,A2,5.34
data,A2,5.34
either,A2,5.33
light,A2,5.33
low,A2,5.33
deal,A2,5.32
rather,A2,5.32
among,A2,5.31
further,A2,5.31
heart,A2,5.31
myself,A2,5.31
act,A2,5.3
although,A2,5.3
major,A2,5.3
media,A2,5.3
according,A2,5.28
available,A2,5.28
education,A2,5.28
experience,A2,5.27
program,A2,5.27
chance,A2,5.26
process,A2,5.26
clear,A2,5.25
himself,A2,5.25
board,A2,5.24
field,A2,5.24
instead,A2,5.24
thinking,A2,5.24
department,A2,5.23
energy,A2,5.23
fight,A2,5.23
rest,A2,5.23
rest,A2,5.23
running,A2,5.23
term,A2,5.23
site,A2,5.22
especially,A2,5.21
position,A2,5.21
record,A2,5.21
lead,A2,5.2
likely,A2,5.2
couple,A2,5.19
dead,A2,5.19
hold,A2,5.19
industry,A2,5.19
inside,A2,5.19
sense,A2,5.19
view,A2,5.19
middle,A2,5.18
training,A2,5.18
wish,A2,5.18
finally,A2,5.17
gold,A2,5.17
king,A2,5.17
society,A2,5.17
alone,A2,5.16
average,A2,5.16
certain,A2,5.16
church,A2,5.16
medical,A2,5.16
original,A2,5.16
role,A2,5.16
themselves,A2,5.16
director,A2,5.15
exactly,A2,5.15
ground,A2,5.15
provide,A2,5.15
relationship,A2,5.15
source,A2,5.15
evidence,A2,5.14
rate,A2,5.14
round,A2,5.14
save,A2,5.14
amount,A2,5.13
size,A2,5.13
step,A2,5.13
forward,A2,5.12
review,A2,5.12
attention,A2,5.11
character,A2,5.11
quality,A2,5.11
blood,A2,5.1
itself,A2,5.1
oil,A2,5.1
serious,A2,5.1
stage,A2,5.1
attack,A2,5.09
decision,A2,5.09
kill,A2,5.09
perhaps,A2,5.09
technology,A2,5.09
choice,A2,5.08
code,A2,5.08
continue,A2,5.08
cover,A2,5.08
foreign,A2,5.08
increase,A2,5.08
pick,A2,5.08
race,A2,5.08
seem,A2,5.08
sign,A2,5.08
simple,A2,5.08
crazy,A2,5.07
daily,A2,5.07
figure,A2,5.07
safe,A2,5.07
voice,A2,5.07
whose,A2,5.07
army,A2,5.06
earth,A2,5.06
goal,A2,5.06
huge,A2,5.06
sir,A2,5.06
towards,A2,5.06
deep,A2,5.05
mark,A2,5.05
missing,A2,5.05
offer,A2,5.05
pass,A2,5.05
professional,A2,5.05
mine,A2,5.04
recent,A2,5.04
straight,A2,5.04
included,A2,5.03
officer,A2,5.03
pain,A2,5.03
response,A2,5.03
rock,A2,5.03
rock,A2,5.03
shall,A2,5.03
specific,A2,5.03
effect,A2,5.02
except,A2,5.02
network,A2,5.02
peace,A2,5.02
recently,A2,5.02
store,A2,5.02
track,A2,5.02
weight,A2,5.02
allow,A2,5.01
beat,A2,5.01
conference,A2,5.01
double,A2,5.01
expect,A2,5.01
gas,A2,5.01
normal,A2,5.01
population,A2,5.01
certainly,A2,5.0
completely,A2,5.0
credit,A2,5.0
cross,A2,5.0
female,A2,5.0
focus,A2,5.0
individual,A2,5.0
nearly,A2,5.0
particular,A2,5.0
region,A2,5.0
sort,A2,5.0
speed,A2,5.0
consider,A2,4.99
drop,A2,4.99
fair,A2,4.99
kid,A2,4.99
link,A2,4.99
sale,A2,4.99
tour,A2,4.99
immediately,A2,4.98
nature,A2,4.98
manager,A2,4.97
movement,A2,4.97
scene,A2,4.97
ability,A2,4.96
coach,A2,4.96
definitely,A2,4.96
gun,A2,4.96
heavy,A2,4.96
knowledge,A2,4.96
search,A2,4.96
wide,A2,4.96
wow,A2,4.96
author,A2,4.95
fear,A2,4.95
fit,A2,4.95
lady,A2,4.95
leader,A2,4.95
material,A2,4.95
opportunity,A2,4.95
regular,A2,4.95
secretary,A2,4.95
unit,A2,4.95
bar,A2,4.94
brain,A2,4.94
degree,A2,4.94
hurt,A2,4.94
image,A2,4.94
physical,A2,4.94
reach,A2,4.94
stupid,A2,4.94
successful,A2,4.94
active,A2,4.93
direction,A2,4.93
independent,A2,4.93
none,A2,4.93
ship,A2,4.93
worst,A2,4.93
cash,A2,4.92
clearly,A2,4.92
fan,A2,4.92
learning,A2,4.92
organization,A2,4.92
protect,A2,4.92
secret,A2,4.92
anyway,A2,4.91
competition,A2,4.91
direct,A2,4.91
dream,A2,4.91
easily,A2,4.91
luck,A2,4.91
necessary,A2,4.91
skin,A2,4.91
sweet,A2,4.91
touch,A2,4.91
closed,A2,4.9
disease,A2,4.9
driving,A2,4.9
notice,A2,4.9
professor,A2,4.9
crime,A2,4.89
male,A2,4.89
worse,A2,4.89
award,A2,4.88
broken,A2,4.88
comment,A2,4.88
equipment,A2,4.88
purpose,A2,4.88
avoid,A2,4.87
catch,A2,4.87
coast,A2,4.87
drug,A2,4.87
environment,A2,4.87
hall,A2,4.87
pop,A2,4.87
app,A2,4.86
condition,A2,4.86
heat,A2,4.86
queen,A2,4.86
accept,A2,4.85
appear,A2,4.85
distance,A2,4.85
mobile,A2,4.85
receive,A2,4.85
screen,A2,4.85
serve,A2,4.85
speech,A2,4.85
bottom,A2,4.84
engine,A2,4.84
solution,A2,4.84
square,A2,4.84
structure,A2,4.84
traditional,A2,4.84
wind,A2,4.84
worry,A2,4.84
count,A2,4.83
digital,A2,4.83
fresh,A2,4.83
lake,A2,4.83
mostly,A2,4.83
owner,A2,4.83
realize,A2,4.83
score,A2,4.83
separate,A2,4.83
throw,A2,4.83
wedding,A2,4.83
benefit,A2,4.82
fashion,A2,4.82
feature,A2,4.82
hill,A2,4.82
metal,A2,4.82
profile,A2,4.82
pull,A2,4.82
push,A2,4.82
seat,A2,4.82
target,A2,4.82
understanding,A2,4.82
apply,A2,4.81
enter,A2,4.81
memory,A2,4.81
ring,A2,4.81
ring,A2,4.81
rise,A2,4.81
silver,A2,4.81
method,A2,4.8
option,A2,4.8
prison,A2,4.8
stone,A2,4.8
wild,A2,4.8
winner,A2,4.8
camp,A2,4.79
extremely,A2,4.79
prevent,A2,4.79
trouble,A2,4.79
advantage,A2,4.78
gift,A2,4.78
herself,A2,4.78
impossible,A2,4.78
produce,A2,4.78
progress,A2,4.78
shut,A2,4.78
van,A2,4.78
wood,A2,4.78
background,A2,4.77
birth,A2,4.77
bridge,A2,4.77
copy,A2,4.77
lucky,A2,4.77
neither,A2,4.77
onto,A2,4.77
patient,A2,4.77
alive,A2,4.76
boss,A2,4.76
request,A2,4.76
vehicle,A2,4.76
billion,A2,4.75
corner,A2,4.75
criminal,A2,4.75
develop,A2,4.75
fix,A2,4.75
guide,A2,4.75
raise,A2,4.75
suggest,A2,4.75
surprise,A2,4.75
variety,A2,4.75
yours,A2,4.75
dry,A2,4.74
injury,A2,4.74
lovely,A2,4.74
somewhere,A2,4.74
strategy,A2,4.74
web,A2,4.74
audience,A2,4.73
excellent,A2,4.73
exist,A2,4.73
medicine,A2,4.73
mention,A2,4.73
reduce,A2,4.73
stress,A2,4.73
taste,A2,4.73
assistant,A2,4.72
electric,A2,4.72
ill,A2,4.72
mail,A2,4.72
shape,A2,4.72
sky,A2,4.72
teaching,A2,4.72
valley,A2,4.72
accident,A2,4.71
alternative,A2,4.71
anywhere,A2,4.71
bear,A2,4.71
climate,A2,4.71
discussion,A2,4.71
flying,A2,4.71
promise,A2,4.71
remove,A2,4.71
crowd,A2,4.7
forest,A2,4.7
moon,A2,4.7
ocean,A2,4.7
suit,A2,4.7
appearance,A2,4.69
jump,A2,4.69
suddenly,A2,4.69
survey,A2,4.69
user,A2,4.69
ancient,A2,4.68
connected,A2,4.68
download,A2,4.68
ending,A2,4.68
express,A2,4.68
hero,A2,4.68
joke,A2,4.68
planet,A2,4.68
soft,A2,4.68
surprised,A2,4.68
transport,A2,4.68
device,A2,4.67
drama,A2,4.67
factor,A2,4.67
feed,A2,4.67
lawyer,A2,4.67
platform,A2,4.67
route,A2,4.67
schedule,A2,4.67
smoke,A2,4.67
comfortable,A2,4.66
everywhere,A2,4.66
hole,A2,4.66
pack,A2,4.66
perform,A2,4.66
storm,A2,4.66
weak,A2,4.66
task,A2,4.65
argument,A2,4.64
smile,A2,4.64
strange,A2,4.64
temperature,A2,4.64
truck,A2,4.64
ah,A2,4.63
bowl,A2,4.63
context,A2,4.63
incredible,A2,4.63
neck,A2,4.63
novel,A2,4.63
slowly,A2,4.63
worried,A2,4.63
zero,A2,4.63
ourselves,A2,4.62
unfortunately,A2,4.62
usual,A2,4.62
wave,A2,4.62
bright,A2,4.61
fail,A2,4.61
recommend,A2,4.61
creative,A2,4.6
cycle,A2,4.6
extreme,A2,4.6
scared,A2,4.6
affect,A2,4.59
blow,A2,4.59
careful,A2,4.59
cry,A2,4.59
danger,A2,4.59
empty,A2,4.59
prize,A2,4.59
singing,A2,4.59
typical,A2,4.59
drawing,A2,4.58
guest,A2,4.58
possibility,A2,4.58
replace,A2,4.58
achieve,A2,4.57
chat,A2,4.57
item,A2,4.57
normally,A2,4.57
anybody,A2,4.56
basketball,A2,4.56
button,A2,4.56
expert,A2,4.56
golf,A2,4.56
identify,A2,4.56
pattern,A2,4.56
suppose,A2,4.56
tool,A2,4.56
attend,A2,4.55
brilliant,A2,4.55
circle,A2,4.55
electronic,A2,4.55
error,A2,4.55
expression,A2,4.55
factory,A2,4.55
manner,A2,4.55
noise,A2,4.55
personality,A2,4.55
plate,A2,4.55
roof,A2,4.55
tip,A2,4.55
advertising,A2,4.54
baseball,A2,4.54
hide,A2,4.54
manage,A2,4.54
print,A2,4.54
wet,A2,4.54
attractive,A2,4.53
burn,A2,4.53
height,A2,4.53
loud,A2,4.53
respond,A2,4.53
destroy,A2,4.52
introduction,A2,4.52
pilot,A2,4.52
recognize,A2,4.52
smoking,A2,4.52
comedy,A2,4.51
exact,A2,4.51
lock,A2,4.51
musical,A2,4.51
plastic,A2,4.51
recording,A2,4.51
tie,A2,4.51
contain,A2,4.5
document,A2,4.5
employee,A2,4.5
engineer,A2,4.5
lift,A2,4.5
permission,A2,4.5
reply,A2,4.5
shoulder,A2,4.5
tower,A2,4.5
tradition,A2,4.5
wheel,A2,4.5
celebrate,A2,4.49
gallery,A2,4.49
smell,A2,4.49
speaker,A2,4.49
earn,A2,4.48
finger,A2,4.48
pants,A2,4.48
pocket,A2,4.48
soccer,A2,4.48
bone,A2,4.47
clothing,A2,4.47
everyday,A2,4.47
fishing,A2,4.47
gap,A2,4.47
gate,A2,4.47
mirror,A2,4.47
parking,A2,4.47
thin,A2,4.47
adventure,A2,4.46
argue,A2,4.46
awful,A2,4.46
carefully,A2,4.46
cloud,A2,4.46
railway,A2,4.46
soldier,A2,4.46
thick,A2,4.46
castle,A2,4.45
charity,A2,4.45
discovery,A2,4.45
formal,A2,4.45
palace,A2,4.45
pet,A2,4.45
refer,A2,4.45
unusual,A2,4.45
badly,A2,4.44
explanation,A2,4.44
fiction,A2,4.44
ideal,A2,4.44
pleased,A2,4.44
electricity,A2,4.43
helpful,A2,4.43
architecture,A2,4.42
belt,A2,4.42
designer,A2,4.42
electrical,A2,4.42
hockey,A2,4.42
lab,A2,4.42
nervous,A2,4.42
ordinary,A2,4.42
solve,A2,4.42
stomach,A2,4.42
virus,A2,4.42
illness,A2,4.41
knife,A2,4.41
repair,A2,4.41
steal,A2,4.41
desert,A2,4.4
marry,A2,4.4
nowhere,A2,4.4
sheet,A2,4.4
abroad,A2,4.39
compete,A2,4.39
disaster,A2,4.39
discover,A2,4.39
narrow,A2,4.39
physics,A2,4.39
refuse,A2,4.39
belong,A2,4.38
connect,A2,4.38
experiment,A2,4.38
grass,A2,4.38
journalist,A2,4.38
passenger,A2,4.38
possession,A2,4.38
collect,A2,4.37
scary,A2,4.37
asleep,A2,4.36
behaviour,A2,4.36
salary,A2,4.36
chemistry,A2,4.35
knock,A2,4.35
reporter,A2,4.35
twin,A2,4.34
column,A2,4.33
knee,A2,4.33
shake,A2,4.33
uniform,A2,4.33
wooden,A2,4.33
underground,A2,4.32
chip,A2,4.31
jazz,A2,4.31
symbol,A2,4.31
invite,A2,4.3
sauce,A2,4.3
toy,A2,4.3
beef,A2,4.29
celebrity,A2,4.29
furniture,A2,4.29
intelligent,A2,4.29
lifestyle,A2,4.29
succeed,A2,4.29
involve,A2,4.28
surprising,A2,4.28
tourism,A2,4.28
classical,A2,4.26
instrument,A2,4.26
arrangement,A2,4.25
enormous,A2,4.25
rude,A2,4.25
spider,A2,4.25
habit,A2,4.24
lazy,A2,4.24
brush,A2,4.23
chef,A2,4.23
complain,A2,4.23
differently,A2,4.23
essay,A2,4.23
laptop,A2,4.23
pub,A2,4.23
reception,A2,4.23
recipe,A2,4.23
suggestion,A2,4.23
bin,A2,4.22
biology,A2,4.22
employer,A2,4.22
clever,A2,4.21
correctly,A2,4.21
detective,A2,4.21
farming,A2,4.21
communicate,A2,4.2
depend,A2,4.2
pollution,A2,4.2
poster,A2,4.19
carpet,A2,4.18
runner,A2,4.18
sadly,A2,4.18
soap,A2,4.18
jam,A2,4.17
react,A2,4.16
mathematics,A2,4.15
quietly,A2,4.15
blank,A2,4.14
instruction,A2,4.14
invitation,A2,4.14
lecture,A2,4.14
teenage,A2,4.14
ski,A2,4.13
washing,A2,4.13
athlete,A2,4.11
happily,A2,4.11
stamp,A2,4.11
laughter,A2,4.1
lemon,A2,4.1
publish,A2,4.1
diary,A2,4.09
disagree,A2,4.09
disappear,A2,4.09
architect,A2,4.08
cartoon,A2,4.08
predict,A2,4.08
trainer,A2,4.08
continent,A2,4.07
monkey,A2,4.07
motorcycle,A2,4.07
penny,A2,4.07
quantity,A2,4.07
cigarette,A2,4.06
shout,A2,4.06
smartphone,A2,4.06
unhappy,A2,4.06
lamp,A2,4.05
oven,A2,4.05
tablet,A2,4.05
airline,A2,4.04
divorced,A2,4.04
invention,A2,4.04
nut,A2,4.04
fork,A2,4.03
fridge,A2,4.02
instructor,A2,4.02
musician,A2,4.01
sail,A2,4.01
arrange,A2,4.0
behave,A2,4.0
borrow,A2,4.0
camping,A2,4.0
sailing,A2,3.99
bean,A2,3.98
colleague,A2,3.98
crowded,A2,3.98
organize,A2,3.98
ankle,A2,3.97
fortunately,A2,3.97
headache,A2,3.97
hers,A2,3.97
employ,A2,3.96
flu,A2,3.96
businessman,A2,3.95
towel,A2,3.94
painter,A2,3.93
printer,A2,3.93
lend,A2,3.92
polite,A2,3.92
researcher,A2,3.92
frog,A2,3.89
spoon,A2,3.88
thief,A2,3.88
informal,A2,3.87
rubbish,A2,3.87
dentist,A2,3.86
secondly,A2,3.85
advertisement,A2,3.84
skiing,A2,3.84
boil,A2,3.83
loudly,A2,3.79
insect,A2,3.76
maths,A2,3.75
jewellery,A2,3.74
firstly,A2,3.73
greet,A2,3.73
petrol,A2,3.72
noisy,A2,3.67
advertise,A2,3.66
pronounce,A2,3.66
sock,A2,3.61
curly,A2,3.6
invent,A2,3.57
tidy,A2,3.53
listener,A2,3.52
traveller,A2,3.49
biscuit,A2,3.45
cupboard,A2,3.44
recycle,A2,3.35
cooker,A2,3.34
stair,A2,3.26
lorry,A2,3.21
it,B1,6.95
used,B1,5.8
used,B1,5.8
set,B1,5.59
set,B1,5.59
live,B1,5.54
though,B1,5.5
kind,B1,5.45
within,B1,5.44
court,B1,5.41
due,B1,5.35
whether,B1,5.32
development,B1,5.31
living,B1,5.3
political,B1,5.29
current,B1,5.27
force,B1,5.23
issue,B1,5.23
sex,B1,5.22
account,B1,5.21
total,B1,5.21
security,B1,5.2
private,B1,5.19
policy,B1,5.17
bank,B1,5.16
performance,B1,5.16
press,B1,5.16
worth,B1,5.16
n,B1,5.15
value,B1,5.15
official,B1,5.14
production,B1,5.14
stuff,B1,5.14
tax,B1,5.14
whatever,B1,5.14
management,B1,5.13
central,B1,5.12
range,B1,5.12
trade,B1,5.12
upon,B1,5.12
various,B1,5.12
property,B1,5.11
vote,B1,5.11
economic,B1,5.1
involved,B1,5.1
related,B1,5.1
release,B1,5.09
written,B1,5.09
currently,B1,5.08
election,B1,5.08
financial,B1,5.08
legal,B1,5.08
race,B1,5.08
simply,B1,5.08
staff,B1,5.08
union,B1,5.08
loss,B1,5.07
version,B1,5.07
access,B1,5.05
base,B1,5.05
risk,B1,5.05
truth,B1,5.05
mine,B1,5.04
growth,B1,5.03
respect,B1,5.03
standard,B1,5.03
album,B1,5.02
charge,B1,5.02
addition,B1,5.01
ahead,B1,5.01
pressure,B1,5.01
treatment,B1,5.01
western,B1,5.01
campaign,B1,5.0
content,B1,5.0
despite,B1,5.0
leading,B1,5.0
previous,B1,5.0
contact,B1,4.99
throughout,B1,4.99
absolutely,B1,4.98
unless,B1,4.98
episode,B1,4.97
safety,B1,4.97
collection,B1,4.96
expected,B1,4.96
particularly,B1,4.96
claim,B1,4.95
generally,B1,4.95
global,B1,4.95
judge,B1,4.95
plus,B1,4.95
battle,B1,4.94
seriously,B1,4.94
wonder,B1,4.93
commercial,B1,4.92
effort,B1,4.92
fighting,B1,4.92
impact,B1,4.92
lack,B1,4.92
latest,B1,4.92
operation,B1,4.92
analysis,B1,4.91
marriage,B1,4.91
damage,B1,4.9
directly,B1,4.9
doubt,B1,4.9
glad,B1,4.9
planning,B1,4.9
basic,B1,4.89
captain,B1,4.89
effective,B1,4.89
highly,B1,4.89
reality,B1,4.89
spot,B1,4.89
agreement,B1,4.88
block,B1,4.88
challenge,B1,4.88
eventually,B1,4.88
killing,B1,4.88
nation,B1,4.88
primary,B1,4.88
responsible,B1,4.88
theory,B1,4.88
economy,B1,4.87
politics,B1,4.87
therefore,B1,4.87
application,B1,4.86
complex,B1,4.86
located,B1,4.86
location,B1,4.86
murder,B1,4.86
channel,B1,4.85
exchange,B1,4.85
northern,B1,4.85
powerful,B1,4.85
religious,B1,4.85
royal,B1,4.85
lie,B1,4.84
southern,B1,4.84
brand,B1,4.83
covered,B1,4.83
mental,B1,4.83
previously,B1,4.83
remain,B1,4.83
smart,B1,4.83
surface,B1,4.83
totally,B1,4.83
click,B1,4.82
generation,B1,4.82
sexual,B1,4.82
agent,B1,4.81
authority,B1,4.81
basis,B1,4.81
spread,B1,4.81
supply,B1,4.81
waste,B1,4.81
engineering,B1,4.8
grade,B1,4.8
obviously,B1,4.8
strength,B1,4.8
indeed,B1,4.79
spirit,B1,4.79
till,B1,4.79
apart,B1,4.78
aware,B1,4.78
eastern,B1,4.78
function,B1,4.78
influence,B1,4.78
marketing,B1,4.78
nor,B1,4.78
proud,B1,4.78
require,B1,4.78
host,B1,4.77
journal,B1,4.77
length,B1,4.77
possibly,B1,4.77
prove,B1,4.77
rare,B1,4.77
setting,B1,4.77
software,B1,4.77
ad,B1,4.76
balance,B1,4.76
connection,B1,4.76
magic,B1,4.76
net,B1,4.76
stick,B1,4.76
stick,B1,4.76
beauty,B1,4.75
cultural,B1,4.75
file,B1,4.75
responsibility,B1,4.75
roll,B1,4.75
slightly,B1,4.75
technical,B1,4.75
treat,B1,4.75
youth,B1,4.75
appreciate,B1,4.74
edge,B1,4.74
forever,B1,4.74
iron,B1,4.74
mad,B1,4.74
prepared,B1,4.74
reference,B1,4.74
religion,B1,4.74
guard,B1,4.73
honest,B1,4.73
nuclear,B1,4.73
port,B1,4.73
reaction,B1,4.73
shoot,B1,4.73
solid,B1,4.73
emergency,B1,4.72
fuel,B1,4.72
kick,B1,4.72
plenty,B1,4.72
prince,B1,4.72
proper,B1,4.72
advanced,B1,4.71
duty,B1,4.71
mix,B1,4.71
path,B1,4.71
spending,B1,4.71
border,B1,4.7
enemy,B1,4.7
environmental,B1,4.7
fixed,B1,4.7
intelligence,B1,4.7
limit,B1,4.7
profit,B1,4.7
historical,B1,4.69
native,B1,4.69
originally,B1,4.69
update,B1,4.69
communication,B1,4.68
flow,B1,4.68
illegal,B1,4.68
entry,B1,4.67
scientific,B1,4.67
candidate,B1,4.66
payment,B1,4.66
studio,B1,4.66
chain,B1,4.65
chapter,B1,4.65
equal,B1,4.65
identity,B1,4.65
measure,B1,4.65
specifically,B1,4.65
approximately,B1,4.64
determined,B1,4.64
escape,B1,4.64
lay,B1,4.64
properly,B1,4.64
talent,B1,4.64
determine,B1,4.63
experienced,B1,4.63
obvious,B1,4.63
stadium,B1,4.63
whenever,B1,4.63
champion,B1,4.62
editor,B1,4.62
giant,B1,4.62
literature,B1,4.62
signal,B1,4.62
theme,B1,4.62
tiny,B1,4.62
typically,B1,4.62
alcohol,B1,4.61
drunk,B1,4.61
essential,B1,4.61
familiar,B1,4.61
guilty,B1,4.61
medium,B1,4.61
perfectly,B1,4.61
unable,B1,4.61
upset,B1,4.61
wing,B1,4.61
bomb,B1,4.6
educational,B1,4.6
entertainment,B1,4.6
goods,B1,4.6
hang,B1,4.6
mainly,B1,4.6
row,B1,4.6
switch,B1,4.6
bell,B1,4.59
warning,B1,4.59
admit,B1,4.58
attitude,B1,4.58
branch,B1,4.58
definition,B1,4.58
flag,B1,4.58
frame,B1,4.58
kiss,B1,4.58
plot,B1,4.58
rent,B1,4.58
represent,B1,4.58
academic,B1,4.57
afford,B1,4.57
category,B1,4.57
chemical,B1,4.57
competitive,B1,4.57
mess,B1,4.57
personally,B1,4.57
pleasure,B1,4.57
shift,B1,4.57
tend,B1,4.57
tight,B1,4.57
unlike,B1,4.57
yard,B1,4.57
consumer,B1,4.56
employment,B1,4.56
frequently,B1,4.56
importance,B1,4.56
promote,B1,4.56
victim,B1,4.56
arrest,B1,4.55
ban,B1,4.55
deliver,B1,4.55
surely,B1,4.55
calm,B1,4.54
client,B1,4.54
heavily,B1,4.54
quit,B1,4.54
sight,B1,4.54
weapon,B1,4.54
worldwide,B1,4.54
hardly,B1,4.53
princess,B1,4.53
sample,B1,4.53
secondary,B1,4.53
battery,B1,4.52
breath,B1,4.52
chest,B1,4.52
decade,B1,4.52
engaged,B1,4.52
immediate,B1,4.52
regularly,B1,4.52
survive,B1,4.52
aim,B1,4.51
campus,B1,4.51
cap,B1,4.51
childhood,B1,4.51
comparison,B1,4.51
injured,B1,4.51
organized,B1,4.51
quote,B1,4.51
trend,B1,4.51
valuable,B1,4.51
aged,B1,4.5
fairly,B1,4.5
graduate,B1,4.5
racing,B1,4.5
appointment,B1,4.49
coal,B1,4.49
effectively,B1,4.49
historic,B1,4.49
hunt,B1,4.49
improvement,B1,4.49
rough,B1,4.49
ignore,B1,4.48
meanwhile,B1,4.48
naturally,B1,4.48
necessarily,B1,4.48
percentage,B1,4.48
practical,B1,4.48
relative,B1,4.48
sharp,B1,4.48
trick,B1,4.48
confused,B1,4.47
impressive,B1,4.47
occur,B1,4.47
strongly,B1,4.47
technique,B1,4.47
atmosphere,B1,4.46
belief,B1,4.46
contrast,B1,4.46
element,B1,4.46
package,B1,4.46
poverty,B1,4.46
qualified,B1,4.46
violent,B1,4.46
encourage,B1,4.45
innocent,B1,4.45
mystery,B1,4.45
photography,B1,4.45
protest,B1,4.45
silent,B1,4.45
spoken,B1,4.45
successfully,B1,4.45
suffer,B1,4.45
arrival,B1,4.44
happiness,B1,4.44
horrible,B1,4.44
mood,B1,4.44
muscle,B1,4.44
passion,B1,4.44
producer,B1,4.44
retired,B1,4.44
sand,B1,4.44
tape,B1,4.44
confident,B1,4.43
custom,B1,4.43
horror,B1,4.43
label,B1,4.43
romantic,B1,4.43
assist,B1,4.42
ceremony,B1,4.42
diamond,B1,4.42
disappointed,B1,4.42
dressed,B1,4.42
ghost,B1,4.42
odd,B1,4.42
participate,B1,4.42
prayer,B1,4.42
rarely,B1,4.42
soil,B1,4.42
ugly,B1,4.42
dust,B1,4.41
remote,B1,4.41
annoying,B1,4.4
conclusion,B1,4.4
confirm,B1,4.4
hire,B1,4.4
layer,B1,4.4
poetry,B1,4.4
pot,B1,4.4
pray,B1,4.4
rugby,B1,4.4
smooth,B1,4.4
string,B1,4.4
sudden,B1,4.4
bother,B1,4.39
entrance,B1,4.39
equally,B1,4.39
fitness,B1,4.39
friendship,B1,4.39
liquid,B1,4.39
narrative,B1,4.39
pan,B1,4.39
reflect,B1,4.39
resource,B1,4.39
shell,B1,4.39
silly,B1,4.39
translation,B1,4.39
incredibly,B1,4.38
occasion,B1,4.38
suitable,B1,4.38
currency,B1,4.37
exhibition,B1,4.37
remind,B1,4.37
seed,B1,4.37
summary,B1,4.37
tongue,B1,4.37
achievement,B1,4.36
script,B1,4.36
tube,B1,4.36
cotton,B1,4.35
discount,B1,4.35
expand,B1,4.35
fancy,B1,4.35
grateful,B1,4.35
impression,B1,4.35
indicate,B1,4.35
leather,B1,4.35
luxury,B1,4.35
ought,B1,4.35
flood,B1,4.34
punishment,B1,4.34
tail,B1,4.34
brave,B1,4.33
commit,B1,4.33
difficulty,B1,4.33
intention,B1,4.33
pretend,B1,4.33
priest,B1,4.33
complaint,B1,4.32
frozen,B1,4.32
invest,B1,4.32
painful,B1,4.32
announcement,B1,4.31
bite,B1,4.31
define,B1,4.31
documentary,B1,4.31
explore,B1,4.31
favour,B1,4.31
investigate,B1,4.31
laboratory,B1,4.31
presentation,B1,4.31
relation,B1,4.31
unlikely,B1,4.31
similarly,B1,4.3
talented,B1,4.3
throat,B1,4.3
celebration,B1,4.29
educated,B1,4.29
mall,B1,4.29
reliable,B1,4.29
alarm,B1,4.28
breathing,B1,4.28
peaceful,B1,4.28
photographer,B1,4.28
pin,B1,4.28
printing,B1,4.28
repeated,B1,4.28
stranger,B1,4.28
volunteer,B1,4.28
announce,B1,4.26
breathe,B1,4.26
convince,B1,4.26
garage,B1,4.25
lonely,B1,4.25
pipe,B1,4.25
poem,B1,4.25
powder,B1,4.25
destination,B1,4.24
dirt,B1,4.24
export,B1,4.24
gather,B1,4.24
relate,B1,4.24
robot,B1,4.24
outdoor,B1,4.23
substance,B1,4.23
departure,B1,4.22
explosion,B1,4.22
folk,B1,4.22
leaf,B1,4.22
pleasant,B1,4.22
portrait,B1,4.22
unemployment,B1,4.22
continuous,B1,4.21
fence,B1,4.21
highlight,B1,4.21
nail,B1,4.21
poet,B1,4.21
sink,B1,4.21
attract,B1,4.2
generous,B1,4.2
prisoner,B1,4.2
coin,B1,4.19
emotion,B1,4.19
excitement,B1,4.19
qualify,B1,4.19
uncomfortable,B1,4.19
assignment,B1,4.18
ceiling,B1,4.18
clue,B1,4.18
costume,B1,4.18
examine,B1,4.18
grain,B1,4.18
heating,B1,4.18
mixture,B1,4.18
unnecessary,B1,4.18
gentle,B1,4.17
shine,B1,4.17
unfair,B1,4.17
apologize,B1,4.16
bubble,B1,4.16
gentleman,B1,4.16
ours,B1,4.16
politician,B1,4.16
shy,B1,4.16
convenient,B1,4.15
earthquake,B1,4.15
embarrassing,B1,4.15
hurry,B1,4.14
bend,B1,4.13
combine,B1,4.13
fascinating,B1,4.13
helicopter,B1,4.13
keen,B1,4.13
lip,B1,4.13
mud,B1,4.13
profession,B1,4.13
cruel,B1,4.12
divide,B1,4.12
attraction,B1,4.11
drum,B1,4.11
freeze,B1,4.11
keyboard,B1,4.11
mild,B1,4.11
hurricane,B1,4.1
import,B1,4.1
pour,B1,4.1
advise,B1,4.09
bee,B1,4.09
indoor,B1,4.09
intend,B1,4.09
recommendation,B1,4.09
servant,B1,4.09
statue,B1,4.09
bride,B1,4.08
fold,B1,4.08
pale,B1,4.08
poison,B1,4.08
concentrate,B1,4.07
consequence,B1,4.07
scan,B1,4.07
supporter,B1,4.07
toe,B1,4.07
accommodation,B1,4.06
cheat,B1,4.06
rope,B1,4.06
embarrassed,B1,4.05
retire,B1,4.05
tent,B1,4.05
backwards,B1,4.04
donate,B1,4.04
immigrant,B1,4.04
cloth,B1,4.03
container,B1,4.03
fur,B1,4.03
headline,B1,4.03
reject,B1,4.03
tin,B1,4.03
disappointing,B1,4.02
shelf,B1,4.02
warn,B1,4.02
relaxed,B1,4.01
cottage,B1,4.0
flour,B1,4.0
indirect,B1,4.0
slice,B1,4.0
clause,B1,3.99
expedition,B1,3.99
weigh,B1,3.99
needle,B1,3.98
sensible,B1,3.98
admire,B1,3.97
prediction,B1,3.96
theirs,B1,3.96
underwear,B1,3.96
ambitious,B1,3.95
annoyed,B1,3.95
punish,B1,3.95
reservation,B1,3.95
consist,B1,3.94
locate,B1,3.94
neighbourhood,B1,3.94
old-fashioned,B1,3.93
translate,B1,3.93
coloured,B1,3.92
countryside,B1,3.92
educate,B1,3.92
leisure,B1,3.92
receipt,B1,3.92
sculpture,B1,3.92
alcoholic,B1,3.91
amazed,B1,3.91
ambition,B1,3.91
bake,B1,3.91
wool,B1,3.91
conclude,B1,3.9
relaxing,B1,3.9
unemployed,B1,3.9
bury,B1,3.89
dislike,B1,3.89
fry,B1,3.89
consume,B1,3.88
qualification,B1,3.88
shiny,B1,3.88
curtain,B1,3.86
diagram,B1,3.85
entertain,B1,3.83
persuade,B1,3.82
competitor,B1,3.81
explode,B1,3.8
spicy,B1,3.8
unpleasant,B1,3.8
imaginary,B1,3.79
definite,B1,3.78
queue,B1,3.78
sailor,B1,3.78
viewer,B1,3.77
attach,B1,3.75
frightened,B1,3.74
ingredient,B1,3.74
glove,B1,3.73
disadvantage,B1,3.71
outdoors,B1,3.71
confuse,B1,3.67
frightening,B1,3.67
fashionable,B1,3.65
symptom,B1,3.64
careless,B1,3.6
cheerful,B1,3.6
indoors,B1,3.6
similarity,B1,3.58
organizer,B1,3.57
poisonous,B1,3.57
quotation,B1,3.51
tyre,B1,3.51
revise,B1,3.48
analyse,B1,3.47
annoy,B1,3.46
statistic,B1,3.45
decorate,B1,3.36
injure,B1,3.27
summarize,B1,3.23
frighten,B1,3.08
adv,B1,3.04
fasten,B1,2.98
being,B2,5.95
found,B2,5.68
means,B2,5.44
former,B2,5.28
self,B2,5.25
shot,B2,5.22
military,B2,5.2
county,B2,5.19
league,B2,5.13
long-term,B2,5.13
trust,B2,5.13
chief,B2,5.11
lower,B2,5.11
hell,B2,5.1
lord,B2,5.1
entire,B2,5.09
council,B2,5.08
district,B2,5.04
minister,B2,5.04
limited,B2,5.02
via,B2,5.02
association,B2,5.01
committee,B2,5.01
potential,B2,5.01
additional,B2,4.98
beyond,B2,4.98
significant,B2,4.98
construction,B2,4.97
income,B2,4.97
justice,B2,4.97
annual,B2,4.94
contract,B2,4.94
insurance,B2,4.94
majority,B2,4.94
opening,B2,4.94
administration,B2,4.93
approach,B2,4.93
cancer,B2,4.93
civil,B2,4.93
master,B2,4.93
stock,B2,4.93
multiple,B2,4.92
senior,B2,4.92
commission,B2,4.91
grand,B2,4.91
thus,B2,4.91
overall,B2,4.9
associated,B2,4.89
fully,B2,4.89
holy,B2,4.88
otherwise,B2,4.88
agency,B2,4.87
cell,B2,4.87
executive,B2,4.87
mass,B2,4.87
mission,B2,4.87
status,B2,4.87
trial,B2,4.87
truly,B2,4.87
division,B2,4.86
freedom,B2,4.86
actual,B2,4.85
attempt,B2,4.85
finding,B2,4.85
protection,B2,4.85
species,B2,4.85
whom,B2,4.85
demand,B2,4.84
investment,B2,4.84
wind,B2,4.84
critical,B2,4.83
scale,B2,4.83
arms,B2,4.82
budget,B2,4.82
estate,B2,4.82
faith,B2,4.82
fund,B2,4.82
hearing,B2,4.82
gain,B2,4.81
prime,B2,4.81
soul,B2,4.81
apparently,B2,4.8
chairman,B2,4.8
edition,B2,4.8
institute,B2,4.8
bet,B2,4.79
cast,B2,4.79
firm,B2,4.79
handle,B2,4.79
shooting,B2,4.78
concept,B2,4.77
housing,B2,4.77
leadership,B2,4.77
tough,B2,4.77
fellow,B2,4.76
volume,B2,4.76
aid,B2,4.75
concerned,B2,4.75
investigation,B2,4.75
unique,B2,4.75
violence,B2,4.75
evil,B2,4.74
parliament,B2,4.74
core,B2,4.73
presence,B2,4.73
victory,B2,4.73
classic,B2,4.72
entirely,B2,4.72
failure,B2,4.72
initial,B2,4.72
massive,B2,4.72
regional,B2,4.72
session,B2,4.72
transfer,B2,4.72
upper,B2,4.72
willing,B2,4.72
zone,B2,4.72
bear,B2,4.71
capacity,B2,4.71
industrial,B2,4.71
purchase,B2,4.71
steel,B2,4.71
command,B2,4.7
crew,B2,4.7
ensure,B2,4.7
intended,B2,4.7
labour,B2,4.7
proof,B2,4.7
debt,B2,4.69
domestic,B2,4.69
launch,B2,4.69
minimum,B2,4.69
loan,B2,4.68
appeal,B2,4.67
appropriate,B2,4.67
grant,B2,4.67
concern,B2,4.66
emotional,B2,4.66
internal,B2,4.66
relatively,B2,4.66
sector,B2,4.66
strike,B2,4.66
advance,B2,4.65
confidence,B2,4.65
finance,B2,4.65
maintain,B2,4.65
numerous,B2,4.65
split,B2,4.65
urban,B2,4.65
aircraft,B2,4.64
conflict,B2,4.64
corporate,B2,4.64
debate,B2,4.64
distribution,B2,4.64
fault,B2,4.64
mixed,B2,4.64
phase,B2,4.64
pure,B2,4.64
secure,B2,4.64
basically,B2,4.63
blame,B2,4.63
display,B2,4.63
funding,B2,4.63
surgery,B2,4.63
vision,B2,4.63
crisis,B2,4.62
minor,B2,4.62
selection,B2,4.62
stream,B2,4.62
struggle,B2,4.62
capable,B2,4.61
combination,B2,4.61
conservative,B2,4.61
desire,B2,4.61
draft,B2,4.61
largely,B2,4.61
relevant,B2,4.61
seek,B2,4.61
facility,B2,4.6
maximum,B2,4.6
reserve,B2,4.6
threat,B2,4.6
armed,B2,4.59
bond,B2,4.59
delivery,B2,4.59
deserve,B2,4.59
instance,B2,4.59
reasonable,B2,4.59
register,B2,4.59
rural,B2,4.59
saving,B2,4.59
universe,B2,4.59
heaven,B2,4.58
load,B2,4.58
accurate,B2,4.57
assume,B2,4.57
bunch,B2,4.57
opposition,B2,4.57
permanent,B2,4.57
representative,B2,4.57
scheme,B2,4.57
tank,B2,4.57
ultimately,B2,4.57
creation,B2,4.56
excuse,B2,4.56
perspective,B2,4.56
pregnant,B2,4.56
revolution,B2,4.56
severe,B2,4.56
crash,B2,4.55
depth,B2,4.55
existence,B2,4.55
joy,B2,4.55
origin,B2,4.55
panel,B2,4.55
relief,B2,4.55
shame,B2,4.55
somewhat,B2,4.55
absolute,B2,4.54
cable,B2,4.54
constant,B2,4.54
incident,B2,4.54
significantly,B2,4.54
widely,B2,4.54
anniversary,B2,4.53
broad,B2,4.53
closely,B2,4.53
constantly,B2,4.53
contest,B2,4.53
motor,B2,4.53
raw,B2,4.53
solar,B2,4.53
unknown,B2,4.53
blind,B2,4.52
brief,B2,4.52
conduct,B2,4.52
external,B2,4.52
grab,B2,4.52
therapy,B2,4.52
witness,B2,4.52
defeat,B2,4.51
defence,B2,4.51
detailed,B2,4.51
fee,B2,4.51
opposed,B2,4.51
suspect,B2,4.51
swear,B2,4.51
wealth,B2,4.51
wise,B2,4.51
approval,B2,4.5
gang,B2,4.5
inner,B2,4.5
operate,B2,4.5
rid,B2,4.5
visual,B2,4.5
bush,B2,4.49
contemporary,B2,4.49
criticism,B2,4.49
inch,B2,4.49
initially,B2,4.49
junior,B2,4.49
philosophy,B2,4.49
surrounding,B2,4.49
tone,B2,4.49
vast,B2,4.49
consistent,B2,4.48
rescue,B2,4.48
rush,B2,4.48
stable,B2,4.48
temporary,B2,4.48
complicated,B2,4.47
defend,B2,4.47
extent,B2,4.47
harm,B2,4.47
household,B2,4.47
mount,B2,4.47
proposal,B2,4.47
reputation,B2,4.47
assessment,B2,4.46
elsewhere,B2,4.46
establish,B2,4.46
loose,B2,4.46
moral,B2,4.46
offensive,B2,4.46
pointed,B2,4.46
sensitive,B2,4.46
shock,B2,4.46
silence,B2,4.46
transition,B2,4.46
flash,B2,4.45
publication,B2,4.45
select,B2,4.45
deeply,B2,4.44
guarantee,B2,4.44
procedure,B2,4.44
rank,B2,4.44
shadow,B2,4.44
wage,B2,4.44
commitment,B2,4.43
pitch,B2,4.43
plain,B2,4.43
reveal,B2,4.43
wire,B2,4.43
afterwards,B2,4.42
anger,B2,4.42
capture,B2,4.42
efficient,B2,4.42
hunting,B2,4.42
aspect,B2,4.41
comfort,B2,4.41
dramatic,B2,4.41
institution,B2,4.41
minority,B2,4.41
priority,B2,4.41
root,B2,4.41
whereas,B2,4.41
convinced,B2,4.4
decent,B2,4.4
decline,B2,4.4
delay,B2,4.4
obtain,B2,4.4
recall,B2,4.4
spiritual,B2,4.4
associate,B2,4.39
broadcast,B2,4.39
citizen,B2,4.39
intense,B2,4.39
occasionally,B2,4.39
reduction,B2,4.39
angle,B2,4.38
commonly,B2,4.38
increasingly,B2,4.38
pace,B2,4.38
rapid,B2,4.38
regulation,B2,4.38
resident,B2,4.38
vital,B2,4.38
honour,B2,4.37
monitor,B2,4.37
regret,B2,4.37
resort,B2,4.37
settle,B2,4.37
engage,B2,4.36
extraordinary,B2,4.36
frequency,B2,4.36
initiative,B2,4.36
landscape,B2,4.36
objective,B2,4.36
privacy,B2,4.36
regard,B2,4.36
breast,B2,4.35
dozen,B2,4.35
outcome,B2,4.35
sequence,B2,4.35
stretch,B2,4.35
tear,B2,4.35
tear,B2,4.35
contribute,B2,4.34
contribution,B2,4.34
deny,B2,4.34
extend,B2,4.34
impressed,B2,4.34
principle,B2,4.34
rapidly,B2,4.34
sum,B2,4.34
fundamental,B2,4.33
infection,B2,4.33
reward,B2,4.33
satellite,B2,4.33
wildlife,B2,4.33
aggressive,B2,4.32
apparent,B2,4.32
component,B2,4.32
courage,B2,4.32
cure,B2,4.32
desperate,B2,4.32
feedback,B2,4.32
preparation,B2,4.32
virtual,B2,4.32
praise,B2,4.31
psychology,B2,4.31
slave,B2,4.31
steady,B2,4.31
affair,B2,4.3
agenda,B2,4.3
edit,B2,4.3
enable,B2,4.3
fortune,B2,4.3
partly,B2,4.3
slide,B2,4.3
drag,B2,4.29
estimate,B2,4.29
recover,B2,4.29
rely,B2,4.29
tale,B2,4.29
consideration,B2,4.28
crucial,B2,4.28
satisfied,B2,4.28
slip,B2,4.28
specialist,B2,4.28
submit,B2,4.28
acceptable,B2,4.27
concentration,B2,4.27
passage,B2,4.27
shocked,B2,4.27
tune,B2,4.27
wherever,B2,4.27
encounter,B2,4.26
examination,B2,4.26
pursue,B2,4.26
requirement,B2,4.26
forgive,B2,4.25
nevertheless,B2,4.25
outer,B2,4.25
shelter,B2,4.25
vary,B2,4.25
venue,B2,4.25
artificial,B2,4.24
bullet,B2,4.24
popularity,B2,4.24
tunnel,B2,4.24
wound,B2,4.24
discipline,B2,4.23
expense,B2,4.23
furthermore,B2,4.23
rubber,B2,4.23
strict,B2,4.23
unexpected,B2,4.23
dig,B2,4.22
generate,B2,4.22
imagination,B2,4.22
pension,B2,4.22
permit,B2,4.22
slight,B2,4.22
bitter,B2,4.21
gradually,B2,4.21
wealthy,B2,4.21
demonstrate,B2,4.2
opponent,B2,4.2
resist,B2,4.2
wrap,B2,4.2
adopt,B2,4.19
bacteria,B2,4.19
emphasis,B2,4.19
exploration,B2,4.19
insight,B2,4.19
nerve,B2,4.19
nightmare,B2,4.19
preserve,B2,4.19
weakness,B2,4.19
acknowledge,B2,4.18
cancel,B2,4.18
collapse,B2,4.18
conscious,B2,4.18
tropical,B2,4.18
artistic,B2,4.17
decrease,B2,4.17
genre,B2,4.17
mysterious,B2,4.17
notion,B2,4.17
resolve,B2,4.17
creature,B2,4.16
realistic,B2,4.16
retain,B2,4.16
shade,B2,4.16
barrier,B2,4.15
crop,B2,4.15
elderly,B2,4.15
inform,B2,4.15
curve,B2,4.14
depressed,B2,4.14
install,B2,4.14
justify,B2,4.14
lean,B2,4.14
logical,B2,4.14
organ,B2,4.14
pile,B2,4.14
scream,B2,4.14
acquire,B2,4.13
disc,B2,4.13
flexible,B2,4.13
observation,B2,4.13
owe,B2,4.13
phenomenon,B2,4.13
prospect,B2,4.13
convert,B2,4.11
silk,B2,4.11
urge,B2,4.11
lung,B2,4.1
matching,B2,4.1
pose,B2,4.1
anxious,B2,4.09
delighted,B2,4.09
approve,B2,4.08
assess,B2,4.07
ethical,B2,4.07
flame,B2,4.07
obligation,B2,4.07
ashamed,B2,4.06
observe,B2,4.06
alter,B2,4.05
beg,B2,4.05
declare,B2,4.05
detect,B2,4.05
measurement,B2,4.05
rhythm,B2,4.05
enhance,B2,4.04
shallow,B2,4.04
sponsor,B2,4.04
transform,B2,4.04
elect,B2,4.03
insist,B2,4.03
mineral,B2,4.03
abandon,B2,4.02
confusing,B2,4.02
deliberately,B2,4.02
enthusiasm,B2,4.02
possess,B2,4.02
evaluate,B2,4.01
sympathy,B2,4.01
vitamin,B2,4.01
inspire,B2,4.0
bent,B2,3.99
expectation,B2,3.99
neat,B2,3.99
propose,B2,3.99
steep,B2,3.99
adapt,B2,3.98
construct,B2,3.98
expose,B2,3.98
satisfy,B2,3.98
characteristic,B2,3.97
delight,B2,3.97
harmful,B2,3.97
licence,B2,3.97
rub,B2,3.97
sweep,B2,3.97
melt,B2,3.96
offence,B2,3.96
critic,B2,3.95
hollow,B2,3.95
float,B2,3.94
oppose,B2,3.94
threaten,B2,3.94
unconscious,B2,3.94
arise,B2,3.93
impress,B2,3.93
illustration,B2,3.92
impose,B2,3.92
outline,B2,3.92
stare,B2,3.91
slope,B2,3.9
stiff,B2,3.9
emerge,B2,3.89
calculate,B2,3.87
dominate,B2,3.87
judgement,B2,3.86
lively,B2,3.86
dismiss,B2,3.85
enthusiastic,B2,3.84
heel,B2,3.84
sincere,B2,3.84
curved,B2,3.83
depressing,B2,3.83
humour,B2,3.83
imply,B2,3.83
obey,B2,3.83
decoration,B2,3.82
deliberate,B2,3.82
accompany,B2,3.81
interpret,B2,3.81
pupil,B2,3.81
psychologist,B2,3.8
sticky,B2,3.8
distribute,B2,3.79
hesitate,B2,3.79
modify,B2,3.79
surround,B2,3.79
participant,B2,3.78
upwards,B2,3.75
whisper,B2,3.74
accuse,B2,3.71
illustrate,B2,3.71
folding,B2,3.7
emphasize,B2,3.69
feather,B2,3.69
cite,B2,3.67
govern,B2,3.67
circumstance,B2,3.66
remark,B2,3.66
criticize,B2,3.63
interrupt,B2,3.61
humorous,B2,3.6
offend,B2,3.57
impatient,B2,3.55
dishonest,B2,3.52
multiply,B2,3.5
criterion,B2,3.46
enquiry,B2,3.41
downwards,B2,3.2
